Work_Hours,Mental_Fatigue_Score,Resource_Allocation,WFH_Setup_Available,Designation,Burnout_Rate
10,2.560155318536622,0.47830820394105467,0,3,0.32546388713499874
7,7.260955860624008,0.38021848237454914,0,3,0.45912391900688954
11,5.929629052588216,7.462072574818386,1,3,0.4303050902044051
8,1.022126642251996,6.5903553420368075,0,0,0.18527507727339806
10,9.187505222607465,8.021305581275875,0,0,0.44956081765527206
13,7.900846371240867,1.0536753395280596,0,4,0.6611002906908061
6,0.23022604787637513,0.3557086703554835,1,1,0.05721412168146301
10,6.513672109882461,5.085792894475785,1,1,0.4271835475272482
11,7.71246668519738,3.8759523148276953,1,4,0.5493445095843544
8,3.74435369720422,4.619469366709557,1,4,0.37897155063928434
7,0.6892153936721879,9.91588408870274,1,3,0.0
11,0.7732106548878726,9.707499576706702,1,4,0.13212982330828923
11,1.042469660518095,9.423153896731929,1,2,0.13763805981030922
6,8.40439631980423,7.838426767676738,0,1,0.39949535673473524
9,9.106861982557131,3.548413602568904,0,4,0.5731220362435131
8,1.228107818457338,4.121309302627716,0,2,0.15508519010476415
5,2.359060345950812,5.4961604371892445,0,2,0.20313324086922951
11,1.6552051036728976,8.305344564048399,1,2,0.20339908952775473
9,1.8632087949412068,0.6871283251826776,0,2,0.25126486474886467
5,8.374907890024922,4.242968858848881,0,3,0.5062667799163957
8,3.3214641265493894,0.8261766345926869,0,2,0.3904044224314869
4,3.114442640456412,5.146575865735116,0,3,0.1998081782089051
13,2.2739562087711263,8.989008240062354,1,3,0.24867444644014014
9,6.0789439379425865,7.8248492456393794,1,2,0.33634505024605105
12,3.7930569838554886,2.2784241754310997,1,1,0.3016036203527973
4,7.442496518432888,9.759908495987924,0,2,0.27851709296998645
13,2.055798083756375,6.673503980464284,1,2,0.14308161498426028
6,7.877898887144924,0.10427699397403067,0,2,0.5259460114227619
10,6.03721531730139,2.554134846852195,1,1,0.30938764315289397
7,1.1426730005568775,2.607132999199165,1,0,0.18177091645573756
12,4.145045842036277,0.6925430628585993,1,0,0.34605054018310666
6,8.63518140612957,9.59826518075929,1,3,0.3294213580086633
8,9.229602317984849,4.782552945759237,1,3,0.44748767465735156
6,4.657001223188132,8.95814597371882,0,1,0.18607734419706773
10,4.808369780890736,3.2221550344462835,1,4,0.45921474726205136
8,9.184547249393011,1.2523357043282712,0,0,0.39563499301261384
12,5.870682241365673,4.743361099062139,0,3,0.5446679996159614
10,0.3284667024343835,1.1395663471431716,0,0,0.22723206123102746
5,9.127494628791288,4.860155029775399,0,1,0.35898923445501696
7,2.482264427571519,9.202971812194077,0,1,0.07748038026748771
12,5.776319540915472,5.207681418342127,1,4,0.5239000688647543
5,1.6551331742797382,6.1649972689508346,1,4,0.0635978810826476
13,0.33879160246594986,1.566384369738083,1,1,0.1809598015941974
12,3.114731711327574,0.43735625879969486,1,3,0.4420375088322011
13,7.804957075460877,1.1080796217980704,0,0,0.5910761610771883
8,2.775871726294181,5.985315756843656,1,2,0.1357874253008639
5,2.2009721408109706,0.9501169899230466,1,4,0.22176123669668124
7,2.126807843412263,3.759928899413114,0,2,0.16738574606327994
10,5.151736824068126,5.50091940458156,0,3,0.4528824661008462
11,9.755413156827563,3.8865279862984705,1,4,0.650701440436568
6,4.58988988017013,1.6368380146530148,1,2,0.30421476349953575
4,5.573053688900479,2.737913075141065,0,3,0.3456507902055397
7,8.606320178907339,9.28317532848577,1,0,0.3930645834723757
5,5.350697189336586,6.759822755863554,1,3,0.2297577197477786
11,1.844628714188561,4.960478386798865,1,4,0.20599855220880514
7,2.9959591176647704,0.12714889986893518,1,1,0.2604048268501722
5,3.099369262686109,9.924154004894701,0,0,0.1865576700537367
9,3.973181154575979,6.7145493489464325,0,2,0.24032817414669297
9,4.267889053367494,3.169224773449449,0,4,0.3779611950554016
13,7.997820220742694,8.792686599978381,1,1,0.4574162403065332
7,3.49386999049333,2.584316202918181,1,3,0.25829481412567357
9,4.682318284413793,5.440165791827516,1,1,0.2194322083374162
5,6.249759870510523,6.360707637298251,1,4,0.34781553021532785
13,3.777259474401693,2.2106337145372845,1,4,0.5425043379303001
5,8.36564813292333,9.78397278800596,0,1,0.32481576359089637
13,5.874536042340743,7.481919059789975,1,3,0.3661206698814087
7,2.9404467922097153,5.578132255110699,1,1,0.07649786160905443
11,7.140591997898282,1.8059459817530088,0,4,0.5871475749649809
10,5.2764773014478585,0.5385820699802613,1,4,0.5024599424597376
12,5.344558912572469,3.2005983252098344,0,2,0.48667462609237744
11,4.810879483875859,7.531873359134028,0,2,0.355051172636367
8,4.9701194882124895,2.6933129830202507,0,0,0.30037007362230195
5,7.6535628106624065,5.395562204955051,0,4,0.3577437548591232
8,1.0298147933131552,7.279471767307432,0,2,0.18516665296773024
11,3.3436281131048218,1.0794371464646435,1,1,0.36895643411078827
13,0.7550336380388922,6.852980161158734,0,3,0.18869158234106662
12,7.5324622074745085,0.918708877100447,0,1,0.6441526611943651
12,2.7230185472029946,9.651297421269966,1,3,0.2599976987566275
4,8.974304098188842,4.883941300649396,1,2,0.4314070623893882
12,5.265784666592937,1.5067610770987738,0,0,0.37806644022583724
10,8.007497714861211,3.423836360335465,1,1,0.38493686970435886
12,9.789314356159611,4.134164492952614,1,1,0.5492544985065875
11,8.397888594565705,7.581850110765373,0,1,0.5030412991801931
4,8.669937600115235,7.434237860766093,0,3,0.47081626295375184
11,4.079844953648447,6.11940505337331,1,2,0.3324209537503805
11,5.517225952593398,1.0593071255849296,0,1,0.448379653093646
6,2.538885640433043,1.5156937158767358,0,1,0.17607298806730468
4,1.961130996934528,0.9375692064555663,1,0,0.16159601613079083
11,5.055078791060338,5.7717278328755,0,0,0.303106248576031
6,5.950489797004206,8.77138441511404,0,2,0.3564436819635023
6,3.3927124589619098,4.338005122547718,0,2,0.22499061761136377
4,5.694435177635003,1.608481739577462,0,4,0.44889357035691646
8,8.87460482513503,5.58042325148967,0,0,0.4766529801645915
13,5.567215847833661,8.117522168657098,1,4,0.4026474554827957
10,7.2081309631050665,7.4171206151293,1,3,0.3753843249916712
13,8.053149673579052,8.814507796750213,0,4,0.5314344046960334
12,9.887287819554428,2.779020972488678,1,1,0.602364889956466
10,6.031974021769796,1.9395386726777486,0,4,0.5103294198772257
12,8.06850148962586,8.798164859419387,0,2,0.4582198734331655
11,9.626493185548746,6.575603127780231,0,3,0.5738583957036505
5,9.444097255772734,3.1092893000755417,0,1,0.46219625935859093
4,1.4108184877771357,7.423480505725092,0,4,0.004358112918754181
10,4.06392308273522,8.151183844803679,1,3,0.28748328566250286
10,3.239900611067996,6.149782403411324,1,3,0.21264894144142396
11,0.8692501495034932,6.8788410987991515,0,1,0.12963505505215092
8,6.332407749109605,3.7525990444266633,1,4,0.31406867837102015
6,7.359046131960023,5.386956673430391,0,3,0.3124342988549791
11,8.481280954668835,5.241591707261622,1,3,0.43856927313650035
9,1.227768896627085,8.48047791130772,0,0,0.07930968217108594
6,8.764440758752938,8.399639802821826,1,3,0.46081741875554716
4,6.429255636142532,8.326804693470432,0,0,0.1916884569631703
6,7.0394613513850945,0.11031614262465794,0,4,0.497382645800864
8,9.10624003540304,7.495454844688883,1,4,0.4732704194996762
6,6.247612710432511,7.586763901110048,1,4,0.3012277377828707
4,3.358658571498351,6.783788228551418,0,2,0.1544316321096488
8,8.251073314226598,7.562646578914526,1,4,0.3582671171339552
13,3.6305921219509054,8.419703714967087,0,3,0.4300459351389191
10,0.34228110820529123,4.7031905410178565,1,1,0.21778893268055233
10,8.306545065652497,5.020502134884471,1,0,0.33710705018241277
12,3.451921448812756,1.2471405691139048,0,2,0.36531117701433974
13,7.738345232013403,3.853758830473618,1,4,0.5463083382760101
13,3.6275789466594546,6.433651799117843,1,4,0.30894291970552956
6,8.610680199747216,7.803997761472745,0,1,0.40123694781201935
10,2.195105250809587,2.1720909769121057,1,1,0.2030949495440856
4,9.745472651988699,1.378228991592354,0,2,0.6031125603102786
7,7.797587747880308,6.630420045004922,0,0,0.42197463895731835
7,1.1423792592039683,0.018798835249106416,0,4,0.2860418893710329
8,5.657766199665605,1.7837258430732983,0,2,0.4623326449350828
10,9.853673122417346,0.29071380343953734,0,3,0.7193669533486805
10,4.710654526938144,1.6688511785487092,1,3,0.35948175328209725
7,1.8210713882158325,1.8131927992550523,0,2,0.1948341013127093
10,4.8477836715034615,3.876735947503942,0,4,0.433953175081776
6,5.124576558819216,4.023271246865559,1,2,0.306287228446111
9,7.4168694422866555,8.742624706102378,1,4,0.3953455698897443
5,6.988458531609044,5.101097124988252,1,1,0.2013149174228453
13,4.025500435969805,7.234047656122863,0,2,0.3309395089708358
12,2.180231074940865,1.0413735792028744,0,4,0.4050328532727297
8,6.450541677693295,2.2543875546369385,0,2,0.43185114500045757
9,4.217039345532818,7.029434409786768,1,2,0.3447243093711445
7,1.322762111253304,0.5280396046852809,0,4,0.20569049325990307
13,9.005723012363857,4.865976622437531,1,4,0.6210901618212137
10,6.912218576096544,5.993689656629338,0,0,0.4753247678965504
12,6.831838564454814,6.02145644052481,1,2,0.5436670403843173
10,8.225838759116739,0.2293281126804203,0,3,0.5796594718009793
4,5.2966167865508105,3.221080042291855,0,2,0.31383422917795034
4,8.150544284024571,6.36490651049154,0,2,0.3847504772778278
12,4.980907535110058,1.4899973614924344,1,4,0.47380328470253746
12,0.6717539991571009,6.954156483280532,1,2,0.16475840979796788
7,4.052480880276887,7.459252088136745,0,2,0.26200922336402666
12,4.9746489397989055,9.819691904461452,0,3,0.24222113190690733
6,7.202025816322958,2.098419948564094,0,4,0.4992796364990171
10,1.0657873012867436,8.251306676661152,1,2,0.1294565013703651
9,1.40018538660449,5.202965769186541,0,1,0.17969632694461113
11,2.6368380263461644,3.7346259614417345,0,0,0.3875115271324842
12,2.664983933708822,1.2237675732517794,0,3,0.3716389999529057
8,7.321845784590623,7.3550560648753756,0,2,0.3738227623858142
4,2.5073066056159776,2.358575991436871,1,1,0.22020557517760841
6,6.330980633574476,3.7142200187304573,1,2,0.27449428839095785
13,4.942738501382714,0.6254222689736844,0,2,0.479393870445305
11,5.732943781794006,8.01366915819519,0,4,0.41747572844157566
9,8.381069631782958,7.665885239716434,1,4,0.48514837363919217
11,4.043815015490243,7.336158300423125,1,4,0.32781463719521425
12,7.709113770642705,2.9944351049188667,0,1,0.47595961403716924
7,4.2203605955068735,1.7348007426595724,1,2,0.25618398452402186
4,3.5387137656124947,6.3755326447022975,1,0,0.051262125007640436
4,9.586271773132205,4.961663841132195,0,3,0.4508791467614387
13,1.8437092067896321,1.7825246690464158,1,4,0.3768741097388091
7,0.9033696057760787,6.859112710498637,1,4,0.1341583813679622
10,7.709859255354785,9.911264318213037,0,2,0.32521053202429
5,0.6824970535409158,7.4721958774203765,0,2,0.11555685050123093
6,8.370789907030293,7.399863866856117,1,1,0.33503350914962976
4,4.3719339635724355,9.503127529305917,0,1,0.20727133369728967
8,9.15513677291914,2.029363675749022,1,4,0.5594035035736354
4,7.215328611219056,5.655499649214404,0,2,0.38456108331162
11,6.104046670079576,9.796467150338835,1,0,0.30625641083489263
4,9.493067970577657,1.6529411097017455,0,3,0.5679541757020032
4,3.9664937305205425,7.00251959444521,1,2,0.15544877281931815
5,9.54086936539633,5.85810145971902,1,2,0.38601034754077995
5,1.3500127742120693,5.86479092188707,1,1,0.15679324030537797
9,4.8375494193241275,6.976706275200751,0,3,0.3861603816160913
10,2.699112223921949,9.296169228756842,0,4,0.2914948858614603
8,5.398427789081934,7.82581939851338,1,2,0.19616317118723137
4,1.6201387789158461,0.5613610341621,1,4,0.10768404048531116
4,8.415296603100433,8.527280198757111,0,2,0.349052720964039
6,8.464078493145573,2.2554132992573264,0,4,0.5205794286968037
5,9.55236312723479,3.7691416473637194,0,3,0.4619941292713772
8,1.5467214088323622,4.617328136123822,0,1,0.1910866407206116
13,6.233325509049907,4.809060007530697,0,3,0.5951998952226443
9,4.742373087003696,4.351803992553568,0,0,0.35204513017650213
10,3.4438373204423325,9.373532942158644,1,1,0.12438578748339105
7,3.515401611342188,7.060190076640246,0,3,0.23913777194693667
10,4.127935506067523,6.3117064595670636,1,0,0.19447921359228124
11,7.049255496889531,0.49842027782941556,0,2,0.5308232056019976
4,5.982860582681546,9.039133302603746,0,2,0.20876092620100928
9,4.596815127611311,9.093901920083962,1,4,0.24643894003013567
11,0.7593341036962209,7.802130634301023,1,1,0.05629892174894949
8,0.7776534407895708,0.07029203813619156,0,2,0.23509759441220188
7,0.023393906257782593,0.5728025107762336,1,1,0.08431333674630229
5,9.676993882070864,2.2522370226848976,1,2,0.30396662258530494
9,0.05253818558384915,1.313494081449067,1,4,0.307904860283844
9,1.0309374601374488,3.9883602970372944,1,3,0.238707719517915
4,3.145965568094109,9.226230580877896,0,4,0.13434441347863185
12,8.074302518167611,4.720604341969983,1,0,0.46024684522704173
9,9.620987857641177,0.1340262643216561,0,2,0.5571035458320871
6,7.900135587918561,2.82745689578762,0,0,0.4869511425419
7,6.905602324456406,0.4459490837296154,0,0,0.5143992914609676
7,5.213006674135694,0.3628762261350216,0,1,0.38091180998572866
6,0.8670521186218361,2.7571985309555225,1,2,0.16307206756123643
13,9.581707930039304,2.7561233867894543,1,0,0.579262233917855
6,7.583924139456815,7.87126602601604,0,3,0.30702313181566404
6,6.389493853342618,9.748346527811119,0,0,0.21733481633978366
7,7.590358455388499,3.712070938899983,0,3,0.4645296724706381
10,7.241033292731386,4.288868788610386,0,1,0.43686662822864175
7,6.372315797894869,8.447894362860215,1,0,0.21724155260113975
12,9.805768001799882,2.681390200955134,0,4,0.6845827463250695
4,9.03363812636025,1.5638180440344795,1,1,0.38955861521490553
11,6.4666491911716335,8.530896234036504,0,3,0.4290297343754777
10,6.931752114569248,0.46500586440065494,0,1,0.45155045758264434
5,0.5159580665871,6.196994401994157,0,0,0.0
11,6.699174645500392,5.619928474668068,0,2,0.3951531311292819
4,0.44165437710100175,3.459204475016943,1,2,0.09038317115738166
12,5.882637569699311,3.15189521097359,1,3,0.3498875846742095
12,9.993534995658349,7.718577261816213,1,3,0.6087851152077942
5,5.558065814371797,0.8642461076254648,0,2,0.4258192679664892
10,4.732101180813334,2.367843093113854,0,3,0.4129430857724088
13,3.1285485650558753,7.324487318380898,1,1,0.1336892070065852
6,1.2052257878646444,5.483205837264242,1,4,0.10646684442868619
10,7.310236714582816,1.279882085335864,0,4,0.564287743524548
13,1.9259902778563043,8.821356142820601,0,1,0.19276078654692608
12,1.1528202124728437,3.9344784656359155,1,4,0.24847756896682002
7,4.2176265973051255,8.278683753221728,0,0,0.27103456753704663
4,7.953418379590974,7.8771301552770865,0,1,0.33894042668385543
5,7.450645481202204,6.24425446471728,1,3,0.2752766537012811
4,0.5488261464647493,4.94481131295093,0,1,0.0
8,4.551436850361561,9.79550840381757,1,2,0.18020255350528178
8,5.22434576071169,1.4496507237981704,0,3,0.4079848020325445
10,6.445466506258222,7.251557275511148,1,2,0.3781409747715418
12,6.501673504432281,1.91190701464789,0,3,0.5217653564720471
12,3.646972494573059,3.382631053323484,1,4,0.40785726989402027
6,5.60677194003514,3.0869874337319523,1,1,0.3732951966698664
6,4.810618838440864,9.47035987738723,1,0,0.16971583507046778
6,8.849983565232812,9.673561777882751,1,3,0.3450629191459612
7,5.302651326349002,1.8301544423472715,0,3,0.3854962128660862
11,4.410321617481616,0.22035160297504186,0,2,0.4309882196599312
9,4.044854496818507,7.200080396631131,1,4,0.33568216240302345
11,5.724277594334657,4.1798993387048435,0,2,0.4106212271095342
4,8.039769794008976,0.8884024508756438,0,2,0.4362401761615092
11,5.384014903807875,6.8375410557704255,0,4,0.4310716611240986
7,6.6165517508054155,5.451055282606997,0,0,0.307807031152535
4,7.37855766906525,9.80516822001106,0,2,0.20515579178252474
11,5.2016810987873185,2.274094958613789,1,2,0.41581883046745505
7,4.268170566548644,4.039778763265483,1,3,0.26707994262019435
9,8.766653778624494,5.425458033954229,1,4,0.5171534469646377
11,4.175060840278921,7.916999884533516,1,1,0.2272817057354815
7,4.6194285057558755,5.488386567200587,0,0,0.3134924066628786
6,9.903413133417772,6.129001608619492,0,0,0.3889342407182548
12,0.002375235758845795,2.2614705158994077,1,4,0.3389178230356145
6,1.8547290957672247,8.469187280885599,0,3,0.048340957697420486
12,3.8396388991972574,4.286305469704757,0,3,0.4281723342930206
5,9.325899094252529,1.4095962752176927,1,4,0.5128064109110242
5,0.7002970574747103,6.641879145054173,0,3,0.055748698868988825
5,0.09485433628498074,2.160904531853075,1,0,0.04974315950951089
9,0.5268383597722859,0.9756251023929974,1,0,0.2132722342001473
6,0.8854341061361815,8.619869084042723,0,1,0.0
12,0.3759677320626087,4.601622644884396,0,4,0.3082944671266363
7,4.797813268565047,7.492837126957764,1,2,0.09485643282173155
4,5.8075720722732775,2.9058755980635507,1,2,0.21614579445810309
7,2.716869710690041,7.869701349176664,0,1,0.24208758643499892
4,3.9828738397563557,1.1193592702153032,1,1,0.16914974858170773
8,0.9169933511143014,3.559733737948527,1,3,0.10601830118346695
7,3.3637046382842204,9.780618179735285,1,1,0.0979420263861055
11,5.225191916345231,7.939897163680061,0,1,0.44901882182107167
11,7.3227180718464515,4.972559303146882,1,2,0.35245050668063926
10,0.03346362042979223,3.397774715618851,0,3,0.17209214278665597
6,4.673107665376525,8.721357000224765,1,1,0.22954696434209942
4,2.970028764548822,5.448477590845156,0,1,0.23567338961044787
4,8.528218216919013,7.584250178691111,1,3,0.31790770049616546
6,7.15553315234242,7.541076803161641,0,4,0.3197239674913686
9,5.891085344708948,0.1794567856849183,0,3,0.590600879950685
10,2.772656456967736,1.2625378279261346,0,2,0.4259760247329915
9,9.103391020575343,6.596293663947423,1,4,0.5219957281090569
9,0.4510067722032318,1.6161981128587144,1,0,0.09603432460552042
9,1.0946759867911515,2.554933446556047,1,3,0.2058687135885464
6,3.9163014054035603,9.466379541996071,0,2,0.17520978760538838
9,1.2443755729685635,5.601822583749119,1,4,0.20514739225042752
11,9.56415697559425,7.5072950699934715,0,3,0.6382212105947205
5,7.979893221433834,5.579807387826399,1,1,0.3566123272396847
8,2.5898265160181366,5.5251361478272525,0,3,0.19827578600265017
4,5.885542289732454,0.941519101256979,0,0,0.37583801328570604
4,9.823305150800817,3.4366319260910307,0,3,0.5027536198556106
8,8.841989781315029,2.824308986865117,1,4,0.5470968176711416
6,6.00798446442198,3.9072836561361326,1,4,0.413608595270196
7,9.037239671752705,7.983441882243283,1,3,0.34615894616078147
6,9.891849098133589,3.7193266791686486,0,4,0.5466642133739192
4,7.433528228936241,4.516968192316827,0,1,0.3087281644190222
4,0.6498640948289403,3.973813904853165,1,3,0.0
8,4.015802364254874,0.934079719752956,1,1,0.30538496908271806
9,8.378257352832454,4.410721582507837,1,1,0.5574044408120447
6,2.30569195805019,1.9560927304451503,0,2,0.13945382871147127
12,8.306425177506245,1.8672329577304148,0,3,0.6197773393246772
8,1.2033876203499594,0.9403610443426635,0,4,0.31748580733116855
11,0.46945357147813005,3.5667097414176476,0,1,0.22714569253495528
4,3.840906114912496,7.574818847894173,0,2,0.1600718449665859
8,0.36731937426613626,2.7644169058339605,1,3,0.0896942746394162
6,9.572702629833255,3.1234910188551357,0,3,0.53626650562894
4,8.26205695793966,6.426746576724236,0,0,0.28195716653021224
7,8.007696871298752,1.9584081258691888,0,0,0.3314356677149846
8,6.297779229961531,8.969579304235344,0,1,0.368525662089189
10,2.163240230365535,5.201905232515545,0,0,0.27070603600470466
4,5.182603666763922,4.47602940320217,1,1,0.19846104017936406
6,5.97274072430341,5.578201919292014,0,4,0.3752617631644699
5,5.250315008602682,1.6603431341619546,0,1,0.36596621111031324
12,2.602333679515273,6.134731386391763,0,0,0.28043221636649573
13,5.152479243147258,3.6310073663401043,1,4,0.5054063655402832
9,4.911863408686266,8.97186340964619,1,0,0.18987961801620815
13,9.963357758067243,1.6885420667768614,1,1,0.6873767948211628
6,8.974361480462038,5.070511038654411,0,2,0.4675275085067282
11,4.633807482156199,5.9811262936901795,1,3,0.3510522877754747
11,6.229373829351187,0.33383601786381223,0,0,0.4163786441847744
5,7.4787160409222855,3.636931247561402,0,1,0.386085322781413
9,0.3486516023382491,7.326352347008328,1,4,0.08531017587082537
10,8.9492144122784,8.203775074489734,0,0,0.4172835283330796
5,8.601268164179238,3.1316199481728235,0,0,0.3634505030716283
13,4.574320977737073,7.985932723827513,0,3,0.3484435302285376
5,3.9116976608037977,9.677558771033889,1,1,0.19468595216034884
13,2.7295937485631496,8.568739360750941,0,2,0.3657910412021107
4,4.7667682833036835,1.176439881593252,0,4,0.4347567939297473
11,0.4437666353323677,7.397303320855406,1,1,0.051360650336971174
4,8.521935333470077,3.1966683244054472,0,4,0.46220436168255175
12,0.3542236841854507,9.884159894120765,0,0,0.05837402483825889
9,3.29051365369871,4.853589831598871,1,3,0.22688909767125504
10,9.315894883189898,1.2243389835894103,0,3,0.5826500756886404
13,7.352126545234528,7.251855480273908,0,2,0.5658578584987791
10,2.813909605775268,3.2301119838621384,0,3,0.3185789348537049
13,2.526490939608851,9.970781570816618,0,0,0.2834883092782342
6,0.05082139818025966,9.79782457854522,0,2,0.05384296029988658
5,6.957142928497502,6.561340180205807,1,1,0.37219040918490964
12,0.48783581673173093,1.2982644895171758,1,3,0.19321011131238253
11,5.326025194007621,6.868609976750291,1,2,0.39868780581267615
13,9.621219725920497,0.9303048646002721,1,0,0.6567876881592807
10,1.0946886005445389,0.2936415910239232,0,4,0.2849996925407853
12,8.944799309680674,8.229584462214861,0,4,0.6218477294205192
7,9.914753351450482,2.0975294768368133,0,0,0.5319344400567786
7,0.6151702623923505,3.790271262190974,0,0,0.10637892856515903
4,8.829062691374613,9.734573899761731,0,4,0.33166141052424425
11,5.160790204436166,3.368405018611033,1,2,0.3456643460401076
6,9.0651371944458,2.9648978128331525,1,4,0.5791940539460596
10,5.713189419195741,9.182079996227753,0,0,0.30511623205800176
5,6.621120101065646,1.107484453189581,0,3,0.4544818944642122
5,5.437789079973992,7.595824101146318,0,1,0.19117208974124447
10,8.644928803073485,9.88065566652774,1,3,0.3828803840996557
9,7.339099189537017,9.012960107746489,0,3,0.4653259492849233
6,5.212603121804149,6.516679187064259,0,0,0.17184655506005403
12,8.681608040515469,3.14060794992732,0,4,0.6165373711193025
13,2.4528553225533454,2.5432198117831675,1,2,0.3302387148504265
9,1.5734065970252598,8.192551048714611,0,3,0.19847377109943673
13,1.604001053300721,8.798219139516952,1,4,0.23180351935989535
13,3.3400887874523786,5.254349125456929,1,2,0.34315073224246595
9,2.386900313010175,2.4433994078646615,1,3,0.29632495205047055
4,9.300903505097386,1.1294320841117356,1,2,0.4675408219294716
7,1.05834093828584,0.8717946783183117,1,4,0.15996652692326757
13,6.989907380395877,7.190774473538556,1,1,0.40609835178774545
9,1.8922153978500589,4.201187278477249,0,4,0.3452660926878334
9,8.816371327703502,9.053598742778703,0,0,0.45444037420229605
8,9.613152881849075,7.396713007267637,0,2,0.4163610190194667
4,4.654700087699836,1.912604179145867,1,1,0.23078722155270126
11,8.790714802281316,6.137774188156991,0,2,0.4363650025144431
8,0.051451707547147674,4.355054543981593,1,2,0.1005075666737519
8,8.199469174081,5.77249730768613,1,3,0.5177082296138185
10,2.286251615249235,7.380691233385171,1,0,0.09763077453145681
7,9.08701309269368,8.061958810037908,0,2,0.3908349892825996
9,0.011201114801094869,8.437373264067244,1,4,0.13494607756682098
7,5.56181735039757,2.5397487457202472,1,4,0.2872363870696168
6,7.566358037849347,0.31115599917357684,0,3,0.4549206586035468
10,2.5868833069790798,7.392947351647732,0,0,0.23668889316924913
11,1.9313286458729306,1.063437262557746,1,0,0.21530158022636658
7,0.8409822446798465,3.1491958861296765,1,4,0.15460285213470012
5,3.2643357650329294,0.038171341243471435,0,1,0.294353003141274
13,5.598443123088295,6.816694824016201,0,3,0.48133603531154545
6,1.1584385678025766,1.6713201147122125,0,3,0.22318008937761852
4,3.7669536198679876,6.552824096916582,1,4,0.15114395509175454
11,0.09072404652724964,9.917426171678388,0,4,0.18908491076364767
6,8.186794204998417,0.7267087161001629,0,1,0.45895593202487506
13,1.2844871809319136,0.7707801195146069,0,1,0.36127949451227526
10,2.833429482655816,3.403800926666749,1,0,0.20171927843604678
13,0.1842771873821747,8.663865142513421,0,3,0.2068560902100372
8,4.322407838925123,2.1552986879133185,0,3,0.3224975150392759
13,8.401215027412189,3.6037781993034756,0,4,0.6388129761780523
8,3.921512114451966,0.6850540662697957,0,0,0.27746320183116086
10,1.794973234238334,7.6315529125888935,0,3,0.17590902745831458
12,7.536988340505192,4.083063427594511,1,0,0.4603094967419165
8,7.888069818707443,7.592487330608428,1,0,0.3337010430106257
4,1.737534753075668,9.03607844346795,1,4,0.08881818593272185
13,7.708541085409898,2.3276314710128876,0,0,0.5304423214438763
13,9.47297888256338,8.073960303399513,1,1,0.5267838216648087
4,1.6637758693227234,0.5909389007825328,1,1,0.14094111558913985
5,7.709842925321356,8.988473881802474,1,2,0.292948156320254
9,7.085720046026294,6.507685475587474,0,4,0.41738797842427544
12,4.735738884350885,8.742267241383516,0,2,0.3629065780096992
11,0.5792046055879829,0.0018839955658189744,1,1,0.24706122480705084
8,0.7469441775785401,1.6908107035599251,1,2,0.16630310132371126
4,8.524146591986476,3.8975938742649205,0,4,0.3438923583612167
10,9.90148372750647,3.795029033747186,0,4,0.6414441090784395
8,6.760522571867544,2.2673038292351064,1,0,0.4684664688346087
9,4.459583070103214,3.816119398672001,0,3,0.35599671124334226
10,6.475736434019076,1.2884871200025483,1,0,0.367584009953673
6,5.943958592285453,4.12761129266026,0,4,0.4030830308585127
13,3.836122604056218,8.023543291592642,1,1,0.2972820938831163
6,0.6562614457401295,4.790700631033512,1,1,0.11259813520635177
8,8.21512947407441,0.18000088945214987,0,0,0.4344403292543212
9,3.7183352923872457,4.214440415792474,1,4,0.3449429609444952
12,8.187856433570937,0.2717501609084416,1,1,0.5801019651346412
8,2.525087496883822,9.662434107067982,1,4,0.15038823285087732
4,0.010294798456333965,1.2745395942286897,0,1,0.10394234963519322
7,1.5893828327675652,7.076883263306187,0,4,0.23889493844102766
8,4.6853941676858435,9.727763228920859,0,2,0.29654365870361477
13,9.443036349578298,8.26039051666572,1,4,0.5052360592008884
13,1.0219361969371898,6.993153751262037,0,4,0.33555947951775983
8,8.54209774461566,8.394609095007668,1,0,0.333958914536457
10,5.270240962118621,9.817986932606276,1,2,0.27146925368214075
7,8.259207657998966,6.213444972535296,0,3,0.45082648128201397
4,2.983744309899926,5.591848068293265,0,0,0.11367418764597077
8,8.399471646724718,6.2823811046328135,1,3,0.4827570955834213
10,7.728227800168045,5.32675886761555,1,1,0.4093275452857423
13,2.300536830314339,6.350891059097188,0,3,0.27935222947838595
13,1.3133512640937806,4.498422079725593,0,4,0.3239526551408095
9,8.680543225322928,2.184431828833071,0,3,0.5762471302780877
8,9.632366534401319,1.2024722651167563,1,0,0.5501468880427255
7,0.3130231374751624,0.6834093553226039,1,0,0.1324245194166091
5,7.312700669736856,2.633157837532001,1,3,0.3276267524319992
7,9.095245109478183,0.46123564335733835,1,0,0.581150765562712
13,8.573600920924987,5.671707799193856,1,0,0.49967861396941915
13,9.645204722702086,2.8382844702352026,0,3,0.7455748873259347
6,7.600940784380972,8.245348080870322,0,2,0.3413431170547511
13,4.422987623809103,0.7424087298838644,1,2,0.4610227648108072
4,3.1195199049513045,2.2635149434148594,1,1,0.18851578298703525
11,3.2074274043812743,7.302461470901459,0,0,0.3153841954137276
8,7.24422672614117,5.9880829638349145,0,3,0.4842448112856057
7,7.4583701203096435,0.6449127124916754,0,0,0.48227096412865955
11,2.0035914354871265,8.772394571622005,0,4,0.24851768799973534
10,8.68122813490531,8.772617628261795,1,0,0.35135827316019674
5,7.1492404020224765,3.3040800387577383,0,0,0.3601816481586
4,5.627502863433826,3.404058433495647,1,2,0.29640992736625754
7,4.715324601025127,9.89028358350174,0,3,0.23912269524964866
11,5.432328057899581,6.261761715931382,0,0,0.4123395805770176
5,1.5924573827926447,5.313165205680591,0,2,0.20377451164366306
6,2.037012492762742,8.381521835519244,1,1,0.008513054795478606
4,0.9116449040619168,2.8529033835731643,1,2,0.027540495933350922
4,1.5365803816111268,4.291825933963569,0,2,0.11578135902401043
6,4.536936346052826,2.6777667548833417,1,2,0.2752630144997513
8,5.303543937282561,7.891608465887314,1,0,0.18896785124321158
6,0.17861892478319374,5.73349345635218,0,0,0.11732391766083083
4,7.967978278640276,6.588250701400705,0,1,0.3468129994148087
4,2.941679733434779,2.5230724983940656,1,4,0.19750773998780286
11,9.118360349599111,2.2022530137731513,1,4,0.5256194282982266
13,9.675112636137777,4.8837462898293875,1,4,0.5565289488481234
5,1.8545887467665434,7.375657490928268,0,1,0.10474200716368517
6,4.620972907656606,5.252397575201602,0,4,0.20799459994192698
5,0.012318351664258875,0.32645677545668605,1,4,0.18337061005978078
6,5.9832726512242695,8.685515063202887,0,2,0.26971191645374
10,6.073064482626712,0.6468689351513157,0,0,0.6096599080432497
4,2.475399556033752,9.558244837207523,1,0,0.10675240792832849
13,5.584126725831979,0.25141958277272725,1,2,0.47909275040074106
11,2.2554014244373546,6.944504561307088,0,2,0.25644592414560785
13,1.6082546907819006,0.8220706371178166,0,2,0.4203496323460389
13,6.515194668022647,9.106765794351396,1,0,0.4377363588729654
13,3.2592546395207487,4.644332362255428,0,4,0.3373751758466263
5,5.902639388856224,1.3752377481701539,0,2,0.27330109320681945
6,4.3324674897165565,3.408156997898466,1,1,0.1896460329138948
12,9.84351407402904,1.6482467534676204,1,2,0.6452965979606977
10,1.4958064266756577,1.7058191155709002,0,3,0.33337436414455696
7,4.645985966358102,9.481083201714423,0,2,0.28711176337780026
13,6.8045662635932525,4.452461122847882,0,0,0.42398228585417497
8,3.9554508387996865,7.888022639053595,1,2,0.08551907224631108
5,9.7469985187069,6.396055611776818,0,3,0.5039826734795881
11,7.218876279269351,6.764263623383923,0,1,0.40159556888603914
7,6.569838575644931,1.3169343847203852,1,4,0.3221151340355595
12,7.570592676112233,2.3418444681548567,1,2,0.5220920844629927
8,9.52648638038717,7.86750335154437,0,3,0.5341342607818266
12,9.078186529846402,9.70766206474783,1,3,0.4785525307594319
7,7.242853081264119,2.6267564259865175,1,1,0.34742035755164263
13,7.491616391012831,2.7156876475103986,0,0,0.5295326578919904
8,1.4592207403514545,4.728971328109049,1,2,0.1303336930009547
12,1.027924044926657,9.83840312855438,1,3,0.0932814164145993
11,5.709045018441643,2.6895894582647104,0,1,0.4079982107284592
6,0.1836763694054,4.069719096342639,1,4,0.1309366921531957
4,4.823563815515915,8.914800156235067,0,3,0.2210187630602213
6,2.103495799188686,0.029210326213620075,0,1,0.2406760959441127
7,3.460165676448396,0.39765964988569547,1,0,0.18268430821698145
5,7.758047357929561,6.0407167707121925,1,0,0.2677788417925734
4,9.412375042323864,9.07380164712847,1,3,0.2272490103781705
10,0.724162721463415,2.3885666040192763,0,3,0.27634755727823124
11,5.342422059764451,4.69641774680709,1,2,0.4404077872934358
10,8.825334858196,4.504653016578183,0,1,0.4460227067627762
8,0.8250853444042128,4.729713460955102,1,3,0.11418989962452564
4,8.245140468968339,6.225196957297452,1,2,0.328597289049064
10,3.5780135092827137,4.697437629906838,1,2,0.33958682192979445
10,3.2209470221933536,4.4746814132245785,0,3,0.3135921431600723
12,9.774663863147858,4.742884204312605,1,0,0.4923736321407875
6,2.0085908986229417,5.908674412710415,1,1,0.0
12,6.9319394082268095,5.370074883513584,0,1,0.4790412166846312
4,8.214407280098664,8.541359976505042,0,0,0.38827397927784385
4,0.41183495279271676,0.49496853493666615,1,3,0.11863107890017817
7,6.703854583544122,8.333170714730125,1,1,0.2620426736616274
12,9.515499743553269,8.43924612611724,1,3,0.5372782705315785
9,1.2421996672805935,2.849080215309608,0,3,0.2592543261212924
6,8.962213026850383,4.628519550158506,0,2,0.4169814377800598
4,5.947766373769361,4.385384885374355,0,0,0.2990081631683301
7,6.16604581862474,2.185098343541303,0,3,0.43515343374745785
12,6.12944174865606,3.9679684708631644,1,4,0.47368166262283484
6,2.988358863373138,0.44387772170854434,0,0,0.19267931591681345
12,9.352018152994596,2.7782207278173443,0,1,0.6747256689421188
10,9.473504626310387,8.16682175450718,0,2,0.5439587102871776
7,6.253046602139478,2.8456230176289754,1,1,0.2997914769527794
6,7.834227259416147,8.182066687482475,1,1,0.33930076131993425
13,6.12257985881158,5.315994646044309,0,0,0.4188561613139668
8,4.843984475740406,8.7986267736116,0,1,0.21410837422846182
8,6.608201182992507,5.747795542644152,1,3,0.32155452973459503
6,5.530014525919585,0.2966822306473982,1,1,0.2267683484940965
12,5.974758626319301,6.754202075470892,1,2,0.4083972900844761
7,7.83832553418862,0.4485356802356866,1,2,0.35524774224709205
8,4.8090383144898485,4.50597018983134,1,4,0.26477835959740714
7,0.40754106092472764,9.29426694473114,1,2,0.0
8,1.6399948098949724,1.6520393933785016,1,1,0.17794428828414816
10,4.386072164895384,3.8987235294154408,1,2,0.31373172492670437
12,7.248265598740583,7.298603088484784,0,0,0.42125962410589046
10,5.932786483101787,8.822585560948475,0,2,0.3071295054620299
8,6.502941858734539,6.709430047425079,0,3,0.33229310739474477
13,4.792789285762873,2.581732541911692,0,0,0.45477550505059683
13,6.157420219422428,6.746078529162162,0,4,0.476149462825469
10,3.290174378146622,2.9672764110409,0,3,0.3772014593227728
13,4.7018259269666505,7.184292298187352,1,1,0.28461764687107327
8,7.4427906559495565,9.540331275850406,1,1,0.30508836566735176
6,8.718327789731212,7.213934511062883,0,1,0.45425942436053707
10,4.336553339563888,8.628805029124123,0,3,0.34762406245104716
5,0.4366165770736119,0.02103843175883413,1,3,0.11367125283859508
12,1.6167254414680265,7.175721247315944,1,3,0.23703600460963542
13,0.208611392915381,8.295875568652503,1,0,0.10044449203174562
13,6.532630192373301,0.4055873754468142,0,0,0.5341868348693949
4,3.323146253551089,8.715977272882306,1,1,0.04161992415566952
9,5.424786357193675,2.5669422831004587,0,2,0.40312770260411346
10,4.932768467837995,6.652921019780552,0,1,0.3424073053562346
11,0.815264895524267,8.003548790234067,1,4,0.12860371470264786
13,4.032613611238318,6.6266451305935545,1,0,0.23968235471255908
12,2.2056112492232325,0.9228479207325724,0,3,0.3220974606092373
5,4.1839978866765275,5.963215188603684,1,0,0.05504098955567749
13,2.0357828034224266,5.495836567221436,1,3,0.22670105758898018
5,8.404524062769335,9.003212680742715,0,4,0.39624875478269633
8,1.7419333657825364,4.042397296442092,1,4,0.16583057083864733
8,9.607805514869769,3.2108109708705013,0,0,0.5332593506718595
9,4.159073661469408,7.498507644364663,0,3,0.3084781620880773
6,8.462452920190493,4.126753260833967,1,4,0.33674303579463616
11,6.287648182059451,6.46096175005063,0,1,0.4430545659569888
4,7.353502986657526,6.46450090124607,0,1,0.3434268239414813
9,7.677238880667803,8.880390643601178,1,3,0.32704770468809463
7,5.0484488189301775,5.986924023190974,1,0,0.23314366955409213
4,5.433005233632883,5.021536099619869,1,4,0.21488654169484311
10,5.1399586780872495,1.38871326396517,0,0,0.40393688128714356
12,5.880583780900793,1.1573760667870536,0,1,0.4317806470293347
7,0.2939444575650729,1.5432156528307939,1,4,0.07895422088341217
7,3.9551516984901527,1.7184848132709452,0,0,0.26328793625989355
9,6.061887135611715,6.378770926636339,1,2,0.3234646170683246
6,5.977235652558644,7.409812502745785,1,3,0.2466296824518573
9,7.9295609460563155,5.299915229264187,0,3,0.4313393243493047
10,6.550093388321086,8.290177325454911,1,2,0.3219418368301772
13,9.921333163406723,9.912632267336331,0,1,0.5602000087266892
13,2.8385452860864504,8.20012629119356,0,4,0.3468666941408563
6,3.5915102966623147,6.948823736759592,1,3,0.18712453591648798
10,3.838471518677963,5.3249269943714665,0,2,0.2944449100945492
6,4.658128070202485,4.488530716747082,1,2,0.2961544863641298
5,8.359980637812095,0.8439238054454234,0,1,0.39007455874592056
13,2.3579209395920984,3.9936874839469096,0,1,0.3573609687502448
7,7.760002070354295,9.101346367821343,0,0,0.3829744419448497
11,4.053101830857434,8.08022629906553,1,3,0.31068036910004493
12,6.018553836620085,2.1605136501168722,0,0,0.455351094502666
10,6.3254053322630615,4.666077846972159,1,2,0.36089590753850537
4,3.7284863718893444,8.167232025585445,0,4,0.24414964275839063
6,5.1261520520580515,0.6738455478552252,0,4,0.33236108117283863
12,4.13031174647697,3.873925856686593,1,1,0.2857402261326549
4,0.6913278618661944,8.518412368739476,1,4,0.0
12,4.371653888168265,4.038978641701237,1,4,0.46330702091966913
11,0.9739339255355217,0.7761464473144086,1,4,0.31201782782803533
4,4.050207990803215,5.425343685322515,1,2,0.10794016214106433
9,5.929183998317819,8.617424949182954,0,4,0.36524774328286613
8,5.794148993435008,5.902855429531597,0,4,0.36393554251818305
9,6.626212790083203,2.262791082142318,1,4,0.41847433861665956
13,0.9526150795462629,3.8423962013738135,0,0,0.30798456666051083
8,6.521232455304379,4.5012336118193215,0,2,0.33617220900028144
9,3.121480566964471,5.792663538205268,0,1,0.33126545524936135
8,3.9904594613711106,7.59351025752613,1,0,0.2085557805297551
8,8.579862539227058,0.988736176406354,0,3,0.6143351138817433
7,0.09030404129550251,8.896520330175663,0,2,0.03701738109792224
6,5.884126333406055,0.1230970301607559,0,2,0.3945929905013039
6,5.987139801001076,3.7005233467425525,1,3,0.2508915796840977
7,3.9665977634356198,0.2742030997265765,0,3,0.338317743688186
12,2.370278571083362,3.9297422534529125,0,3,0.37769060856655545
5,2.346740382615511,5.258125988733237,1,1,0.15694373570554881
12,8.837096696607526,5.116813865815118,1,4,0.5085166761798089
4,4.420243737828575,1.6562834702826534,0,2,0.2594044863239257
4,3.3088936298917195,6.457405100956123,0,4,0.19364399338398652
8,4.48777573831403,0.4477845050466822,1,4,0.30443337327580816
9,6.693904014593613,7.619068201324154,1,3,0.3858947425089452
9,1.457565682447517,9.466444339935462,1,1,0.04296358846888114
6,4.494338352137377,3.397688271511179,1,0,0.19761012102540482
10,5.878843711103869,5.17239381714332,1,1,0.3192560868771254
12,9.485833548514337,3.789102780588144,1,4,0.5702727320886248
13,2.5252778207541926,0.06710390304059954,1,1,0.3482237335819596
11,3.592507479162456,3.8587450289511596,0,3,0.3707529305181154
9,3.7935858992242375,7.917202592613465,1,0,0.15724964582297712
11,6.055381576448829,5.959888421834818,1,3,0.36210814136069946
8,3.567320530400017,1.0125991461515893,0,0,0.314908638991446
11,5.3351192529969556,8.47139489693785,1,4,0.43472899580471047
13,7.817903298450294,5.310853448852429,1,0,0.4686191204186103
7,7.053855941122036,8.417233617446762,0,0,0.3557016441287365
13,4.463686465125855,5.802215187850294,1,0,0.2505745631010352
11,8.64216177674169,5.596884448379399,0,1,0.5253355620229507
13,5.581402495938629,1.0525918519701238,0,1,0.45117023468086853
5,5.399058395022125,1.6735973313862795,0,4,0.30415498659635287
8,0.34187765939158177,9.72025256496591,0,0,0.0023313189567941983
12,9.866929803571615,2.2848674675477074,1,2,0.6671420039931848
7,1.2297080852962672,9.77452117990368,0,4,0.18007129714677783
9,2.311309124276466,5.3191270652426335,0,0,0.21767283795228198
4,0.5169683724152696,1.3578904706393713,1,0,0.0
12,6.400029668369137,0.9930220275369295,0,1,0.5084346808951719
4,2.2470117697268,2.0886407070574,0,4,0.2393501463425835
8,1.800104374727235,9.256373300253358,0,0,0.11336395839279034
7,0.8855558422324139,4.141502243282268,0,0,0.031110020866025254
6,1.0330895712401567,3.9543426799291437,1,4,0.0960639788211041
9,5.8467070044258875,3.13206261070174,0,2,0.41654059566621643
5,6.882078658665955,1.4706185056658838,1,4,0.4171812713803666
6,3.97378988464401,4.878511971924064,1,4,0.1345389533233307
8,4.7989708159207325,1.3004778251113869,0,2,0.375774037914737
12,6.859677359829841,8.354802363823277,0,4,0.49336035457264926
5,0.17379790185479638,3.703969862753065,0,0,0.10101582470156367
13,3.2313065707027855,3.7480356778179633,0,4,0.4662460354441424
11,9.730977480703464,4.740064284831559,1,2,0.5729809866103911
5,5.801122296954681,4.441277131657516,1,3,0.2425715667110849
8,2.5422457989749327,9.948579730593215,1,4,0.05848960057250514
10,5.217300466362131,5.453811212183025,0,1,0.3415179269043842
11,3.4265348812091534,0.8820170378987069,1,0,0.35962701665459923
4,5.322449888262991,6.0687734157693,0,0,0.2772534063844875
9,1.2574151180664883,1.5158429286987996,0,1,0.2759435587642097
4,1.3271465381927738,0.30937644731341973,0,1,0.1756265416723821
5,1.4354236203939286,9.70742153677248,0,4,0.11793046132632537
4,9.398197919268418,7.735388915345639,0,1,0.3378054314167988
8,7.328989183413418,9.801089924137669,1,3,0.32106877522536215
13,1.623818946623209,4.778784480222424,1,2,0.3452958955243372
12,1.8834908376560144,5.322575311489761,0,1,0.22551596068715749
9,7.3082947487087635,1.6833695591913023,1,1,0.5106773289531166
4,1.5616384479217393,2.4690742666758556,0,3,0.15504230190641452
4,2.3456129333482867,8.385492149028282,0,0,0.12002802626754687
5,9.63346832820399,3.5618564711759415,0,0,0.3687129927285008
12,2.5530652472843185,8.26814973796419,1,4,0.2945384310229995
6,6.616323503711468,7.090137242870318,0,3,0.3100338032794514
4,9.786312874005304,1.771709252718655,0,2,0.4198278022875086
8,3.7429676713979267,5.074463661197422,1,2,0.24595702548707443
10,0.17515990862062236,6.773873215187169,1,3,0.18015760183253007
9,2.4414729042237426,2.350372148038251,1,2,0.20301340487584396
4,8.308771913417054,8.306885105200768,0,0,0.21851108765003632
8,8.646088359550367,5.448276575451868,0,2,0.4709557189620604
8,7.685193645237912,1.652420504426032,1,2,0.43967824323283844
9,1.1310981907657303,5.829844261646024,0,3,0.23806938794080665
6,7.9551037169640315,9.99713804155914,1,3,0.35429823519482717
8,9.186777969935044,1.5052149166341355,1,2,0.5033507074128365
10,6.006095425462361,8.16756930119528,0,1,0.4447911575259927
8,9.408753563380648,2.0730900318755796,0,3,0.5878941007124283
8,8.268388837118774,7.823883294600873,1,4,0.3974845501939644
8,6.669715169909073,7.345779231214133,1,4,0.27745212180158096
13,5.771852367117481,3.0048938560043235,1,0,0.4012391394002547
13,3.485736672419705,3.2582311756444984,1,2,0.34230808056299256
6,1.5928744524280514,7.925213919629192,0,1,0.14142343768818627
4,6.0495392269054085,4.614455118873126,1,0,0.2316032092107479
8,3.1811155361811947,7.308180287118088,1,2,0.12008203248741697
12,8.664386675276454,1.4798414736583476,1,3,0.6001334213695919
4,9.933369373586284,8.525577819015535,0,4,0.46874195195895674
6,7.524277626155725,7.108847166823191,0,1,0.41931139408470136
7,0.9048169528705075,9.069428088348339,1,4,0.12452645516029819
4,2.8868559553063813,1.3237237903497245,0,3,0.27937499978686897
4,1.0910963176574973,5.930145003605976,0,2,0.08341026309725412
11,6.5051164779171575,5.991205850403252,0,3,0.4854664573460958
5,7.651908645557847,3.5346074054678245,1,3,0.43267533691846166
11,9.256748308807119,4.5846642456925775,1,4,0.5005753845071993
10,4.381723464119877,0.3798156328985347,0,1,0.38638545199618357
13,9.013756495884444,7.4586003862701205,1,3,0.4986142451749425
13,8.778911590413275,5.4932247940317405,1,4,0.5962871762137897
5,3.1719571676539857,0.5774105186917378,0,1,0.3068710948511799
9,8.68900625540571,6.8075589296048555,0,2,0.4484552947932448
9,3.7567225188172646,4.667820772311879,1,2,0.14359351365168338
6,2.968692745602808,0.34461259425,0,0,0.22153891223056735
5,6.490746587943931,9.696077268480954,1,4,0.29700524823427044
4,3.2838122788508106,9.491121430894404,1,1,0.07158145055239608
9,6.302087483291442,5.129024161471976,0,3,0.4494145921572497
8,6.098318054986946,0.936724207059102,1,2,0.37731076542843867
12,5.634389273484588,7.546212215985918,1,1,0.2753737080314626
4,3.804197042327977,4.919311001057291,0,4,0.26985721847276883
10,5.484997216514768,3.0244747828937992,0,0,0.3466043907011668
8,5.964854749854216,4.914181775285567,0,2,0.4855148714624794
8,5.456868884954734,5.224441454054645,1,1,0.30986206543366696
5,4.444194527512016,5.627116990223392,0,1,0.1914714682622894
6,0.1466705704626381,4.412237136553266,0,1,0.0576854319722037
10,5.870617077011509,6.057553031390567,0,4,0.43359989156463674
9,1.6844438514271964,9.187347106063774,0,4,0.19044959422218666
5,6.425759689471896,3.6226808709859117,1,4,0.39567472043344204
9,7.59344327922866,7.2571646321994905,1,3,0.40705821303049927
5,5.004453091307415,8.944525568242321,0,1,0.1565715103260925
5,5.423636649797383,4.559792757599369,1,2,0.3402134660285511
5,9.514785596659912,4.434558363819042,0,4,0.5036813221279792
6,8.471673613725741,6.0211698535477955,0,4,0.4955628091156861
5,9.1423651595147,5.914067594224881,1,1,0.32371512423783405
7,8.137662883195864,8.06589342326277,1,4,0.4026738953661193
12,1.0891834184673144,4.764833837782927,0,3,0.3047931858719655
9,1.489918559701947,9.961229496394411,0,3,0.06855297819449689
4,5.266237972689596,0.5947156886728078,1,4,0.4182068248148095
11,2.4606965879799825,0.031678485807017376,0,1,0.41819919499250713
10,4.766954750411592,6.401983115596238,1,1,0.25907439176093505
13,3.943653238183502,2.9843491236187667,0,1,0.3564388342216944
6,5.494142384304533,2.403823886994838,0,0,0.32965784632886497
4,7.468757161358227,3.1189908000428046,1,4,0.37201459513869256
8,7.154909070992744,2.560475651049543,1,1,0.40700124693069956
7,5.212341324853344,0.3079004966044785,1,3,0.373454015354771
13,8.223934188170581,9.715330423905886,1,2,0.4771108892049598
11,4.308620915380334,2.2074548845278175,1,2,0.43731258403117207
4,8.967142898401224,7.340297625893063,1,1,0.3327006975183711
13,0.7128027005516391,7.625963946941753,1,2,0.1302113024438708
4,9.546600300333075,9.292573980072293,0,2,0.436317830662147
7,6.546930814313482,0.3054945709337997,0,0,0.48932554218294666
11,3.800745089372053,8.720483384470077,0,3,0.47453967524772095
8,1.9715412657287734,5.272261808398002,1,3,0.12503159326977242
5,4.7918322944359995,6.325441099658279,1,0,0.1660786330829367
9,1.9455832318530097,6.444702771210337,1,0,0.01990499540365881
8,1.6633160774314215,8.197978049847276,0,2,0.18264900159707959
5,6.173517574129742,3.334073221591105,1,4,0.30666244687584165
6,5.230847245817847,7.330511898599934,1,2,0.3140199296663911
12,6.700960346109417,5.285781097221971,0,0,0.4071638060279752
10,9.296058774219892,7.933940143053477,1,3,0.39265981121034477
10,5.322602133390402,9.905460327701334,0,2,0.2950447076706844
9,5.809320532627977,2.0065101740376123,0,4,0.3763579229908409
11,0.8962633915494211,9.94648641559998,1,2,0.14992249786762835
7,7.176357859086295,0.89812154282774,1,1,0.29032833890821963
11,3.999052068041562,0.02317547904813866,1,2,0.38675161530938407
7,9.767252386625788,0.4416193617783126,0,0,0.43017521404554704
11,8.231740155956603,3.417824047367617,0,3,0.5577016410152035
12,5.2248104051611834,6.329063306784342,0,3,0.5133682315377661
6,1.2322265417216605,0.6902954088784963,1,0,0.1355384536789073
6,8.594157932805892,0.0566581452956727,1,1,0.3983131934559825
5,7.997810954240217,9.370910284587948,1,0,0.23493146659669248
13,1.8458512953703299,8.219266359399297,1,2,0.22001732859747464
6,2.9527828922031008,8.091831711390311,0,0,0.14893678588086823
6,7.9340725814783735,8.84424275501977,0,0,0.24492777234122565
8,1.8522844654740966,7.000342727721044,0,1,0.19014317282408616
8,9.177524891713773,1.0440412974808144,0,2,0.42764936605477133
5,4.245274251963619,3.9910018807372305,1,4,0.2155945713921529
13,0.8703896258765864,7.2314948646462955,1,4,0.21050089851422035
9,8.15748643504281,2.803344607915209,1,3,0.518772772443689
8,3.735096830383876,6.874063641362376,0,0,0.2188530326573343
9,5.26499194153781,0.2449844826765235,0,3,0.38950390058569306
4,1.1230434441121917,3.061373408795932,1,1,0.005465766055983631
8,0.025840148449823852,5.491303362771727,1,4,0.13002662740235882
12,6.379852057932976,6.320898295062422,0,0,0.41357009794101207
13,5.151751703337316,5.770406644619108,1,1,0.3391291915538473
5,5.935385691231472,6.977562760734295,0,1,0.23585315390550265
4,7.937438503805163,0.0608874823983907,0,0,0.43710691348848085
13,6.466059134228601,1.009411999775215,0,1,0.5161879853004836
12,1.7477344282737717,8.68944252279145,1,0,0.14230603423048258
13,3.607725191105998,6.817486440901613,1,0,0.37911496900617153
12,9.058911047877604,1.129316426860113,0,2,0.5713754208108635
12,7.69944700251679,8.420744373985793,1,3,0.3562174350550089
9,5.566370579367172,2.422312178245669,0,1,0.4383567665980751
11,2.556449978092723,4.782598841952234,0,1,0.252301149144006
4,3.0206050183479505,1.451965128846603,0,2,0.20884713312837366
13,7.319580675856345,7.101100564217067,0,2,0.4657803282358707
7,8.511742608527708,6.668544210142678,1,2,0.3674515341505926
4,6.714246695306144,2.111124711661362,0,4,0.48254418845642816
11,8.095299757684417,8.634007668570018,0,4,0.5501225839240181
4,7.666561352004059,4.013060242197122,1,4,0.4052920117558401
6,1.4970396795695773,2.9251509107074183,0,0,0.0737643993039681
7,4.23944812913302,1.5232958946453545,0,1,0.259170799917997
11,1.5298380082856267,2.6616801251553746,1,3,0.1250286711941088
9,2.3523558480198483,0.22026921223816998,1,0,0.19317829754022656
13,8.692596246510526,5.832574924561156,1,1,0.5566218138827151
10,4.728919656331821,8.422307463439479,0,1,0.3229552143748135
11,5.353581018426609,5.489804494416418,1,2,0.3464347958874976
5,1.7844596522777212,2.192739619238757,1,2,0.13451513475948196
13,3.12271786048796,0.3366917821387272,0,0,0.36398548913009576
11,2.3024616842786996,2.1462807325880284,0,2,0.34585648621670245
6,2.061861645184264,4.161214280710923,0,1,0.20692159414216604
10,6.379607933159701,7.596114286997965,0,2,0.31473397793660923
6,2.568838476457148,1.878428525377741,0,4,0.2981309241409158
10,6.320154860204185,7.197914533546861,1,2,0.3957449342384121
5,0.584546141085539,8.669334683518837,1,1,0.0
13,1.4177439352710186,4.539468481083571,1,0,0.25222418937204494
9,2.745402540001254,8.214319916425932,0,3,0.3801911679344317
6,5.9704691689569165,5.546573480350956,0,2,0.3189744534750963
6,6.7584124508737595,6.370908370809049,0,1,0.34300965354450946
12,4.427169667795271,5.262784603382027,1,3,0.328385020620868
10,4.457909145772289,4.631727167513418,1,3,0.34218873073400713
8,7.245168513986181,2.3465344177584937,0,4,0.5290508769707565
13,0.1582109176558244,3.0319405946104605,1,3,0.25916287337201155
10,3.4109002447422054,2.8997011894360902,0,1,0.2762414402484183
12,8.187070571192328,5.632889309538147,1,1,0.48045042891375056
4,6.032194102133722,1.1995369302388992,1,2,0.37211879278193294
10,3.372271327554204,9.16791690702335,1,2,0.22408960200825856
9,9.055247923296738,7.206551452831133,0,2,0.5350681474501374
13,7.726227274493826,4.014456309131936,1,3,0.5255530764135712
12,2.6489544723673344,1.5862414452637796,1,3,0.38680242632977935
4,6.452898375257169,8.819921697216358,0,4,0.3054947871771534
7,5.957507281889567,8.237780901011652,1,2,0.20718804127604634
12,4.011879140389826,7.217215527171793,0,0,0.32528584009081696
7,3.6695607920480064,2.715470474112424,0,4,0.2864655413982184
13,3.4356047477570395,4.024466374336689,0,0,0.3239846091224203
6,6.171557833956468,1.0274825245242336,0,3,0.4294879194264425
12,4.424099364806695,1.8903952472753172,0,4,0.5006131166950014
5,8.31863113251422,7.830166373167328,1,4,0.2929739835920596
7,6.696026161339619,7.150387188506838,0,1,0.383284527185126
9,0.6993160570943413,5.934857629759347,0,3,0.22040723460954997
5,6.40168223828166,8.957267259261728,0,3,0.25361471600465346
11,2.7114743650018482,5.832665178130454,0,4,0.25980404281994407
11,5.928119916534227,4.669679999636108,1,3,0.4055486534270416
4,6.801319311034514,3.4037074630576267,0,4,0.36441426051674386
6,2.3082918915401205,9.404485057361725,1,1,0.05549285122525864
13,4.5685864488036865,0.827154615243535,0,4,0.5107517342371447
12,1.903248628190678,9.308873720608084,1,3,0.10326685342411249
8,0.5233887578650831,8.267146599310184,0,3,0.10893957583846406
9,3.7847642348586907,1.299299245357013,0,4,0.3894772680177197
7,3.62944271845992,5.649843576752536,1,4,0.27211310632581165
13,9.95480490704257,8.66547981749087,0,4,0.591871443860216
5,4.463523511976422,5.718091636071537,1,2,0.27384615674946927
11,3.335695494722004,9.071998215606223,0,3,0.19748010473648464
9,5.804750067166746,9.429838168160424,1,3,0.3591579479115376
8,0.8876739410776846,4.223845221843058,0,2,0.17236190220012768
12,9.616657359548132,3.773136614063236,0,4,0.7081913459310116
4,6.349600455910331,9.363211539691568,1,1,0.17324020505826213
8,7.548378199408478,6.751400611496681,0,4,0.5090704670337338
9,1.7047793817391754,1.1602268134816929,0,4,0.30427681769684395
8,4.094778530052039,0.42291749222681196,0,2,0.31394492898836024
9,4.226891133961895,5.646290509972632,0,3,0.40826364492958245
9,8.218064439010869,9.301709654384245,0,4,0.4563800433077069
10,0.012366797594094425,8.442487024058185,0,3,0.1592210045098158
7,3.0085310835325507,6.758477464643365,1,0,0.18070167707389134
11,9.812363743443038,1.3911584889108752,1,3,0.5657436960136223
10,4.748865435062186,2.542313837486956,1,1,0.36588016900786025
12,3.8252628024400828,8.755112265526162,0,1,0.2693319474344235
10,1.1982900201764635,1.8280723665690046,1,4,0.2581877618120192
6,9.741646286280156,2.7843940825043454,0,3,0.5400853170542842
6,0.20026355925824468,1.2960065119544195,0,4,0.12213078019009525
11,7.371802250072431,6.761082314144112,0,2,0.43022828886399955
8,7.685998047885084,9.439823053632097,0,1,0.42482479216015023
7,2.436567160638666,2.6896803159538596,1,4,0.28142704111547856
11,6.7155844361303725,4.754066078500737,0,2,0.4698946931156279
9,0.9292914437938993,6.343397397112042,1,4,0.17703401257786291
5,2.570472664320799,9.994662482156308,0,3,0.10532970120152158
7,7.87901988292265,1.0480806499757211,1,3,0.5272687548586693
7,8.646861920335402,4.9857079950570915,1,3,0.42107122799785157
9,6.084864126597913,3.8512011990250006,1,3,0.4000757945424268
9,5.068384318204826,8.658201652223552,1,0,0.2730209980090859
4,1.593040206189803,4.759677310116559,1,2,0.029172160067834137
11,0.6310903307915017,1.109775245851481,1,2,0.3122507294830183
9,1.1764902847355863,6.344241452865837,0,3,0.12823006196640996
6,2.2735730009609876,7.707806182638798,1,0,0.13537936242592605
12,3.416745018969208,0.028812516656145926,0,3,0.4347466909541845
5,3.809095255109872,8.589566854206295,1,0,0.06852822714289354
11,3.4632176858900356,1.8602300000566563,0,3,0.3118390345898901
13,2.3905533219726562,5.520693646533779,1,1,0.23864342088344356
6,5.097242467516981,4.157975006874501,1,1,0.18810117561764617
8,8.252861082328968,7.196538166105304,0,4,0.44321262496147695
9,2.797035384714792,3.711616147857418,1,3,0.25219876773842936
13,9.423870191022331,8.697631766817107,1,2,0.5629513404337105
9,8.733366617238477,7.304963609587903,1,4,0.47299752097289477
7,1.617642113521096,6.477131710629215,0,1,0.1529325415514613
6,7.862759567570945,7.962405955628543,1,3,0.2788697524975601
7,5.745873823177666,7.5402303492838225,0,4,0.30269379320771284
4,5.6657536217141855,0.3593867492155334,1,3,0.40688988026218575
7,3.9104276305817445,3.9473435384482816,1,1,0.1804469004083833
4,5.0115299918200975,9.308072973164897,0,4,0.30936480339248096
4,3.9717877742921104,1.2572426899222622,1,1,0.18357409639309288
13,5.397326187599428,7.3709655043205125,1,0,0.33401439031777325
9,6.279500527726358,9.745918113353296,0,1,0.3713666502773943
8,6.743038064090484,0.5219862904497163,1,3,0.5069149207323779
7,5.324811925594261,6.821938806266105,0,2,0.2951227669158245
6,7.214220673287317,4.681541413010304,0,1,0.3475049816316898
4,1.412780492755058,5.791752553747221,0,2,0.09255319469216906
9,2.1198249090223853,0.8534133648432485,1,0,0.2317468151569955
5,8.187350040742702,0.4300695186693948,0,4,0.5527510003360121
11,3.225279778464152,6.668666605509217,0,4,0.3449069707199211
13,0.22893824976120247,8.23309429820718,1,2,0.1851768589899267
8,1.537911496680311,7.820153349329672,0,4,0.27756071766938584
10,2.2361443449631127,5.438057278662374,1,1,0.21122610951754242
13,9.573228878945873,0.9986682113617817,1,2,0.6521032033590758
5,5.730414289308493,6.880444438360138,1,3,0.1672072208852914
11,9.327307404762548,2.4188888355414595,1,1,0.41098674253021256
5,5.751633504966249,9.110687027673837,0,1,0.23996667838790803
7,4.793544401378518,8.382653595457048,0,1,0.23126076055924139
4,3.1372769119409605,7.093829670873909,0,3,0.13905878338307842
8,6.063709444333756,9.488459558311304,0,0,0.2838265660365693
12,1.3919802461752984,0.3142182151127293,0,4,0.38508860730333266
4,8.98261627292706,7.36200425060762,1,2,0.38097788540394883
12,8.293324051412837,3.3024277933640533,0,0,0.5436449457118586
11,3.1753144787673704,9.060658856863652,0,2,0.22947081775851735
9,9.527975276012944,2.666751966619776,0,4,0.6634831863463284
10,8.252007674155681,7.24856499315017,1,3,0.43478099260737885
6,6.663068858350397,8.776470196507814,1,1,0.25977396414144266
4,1.217619111252748,0.41656818382682426,0,1,0.12429999209735325
8,4.782340230480723,3.9764757959203614,1,3,0.2805836994341231
5,5.0610755484675085,7.6230903202193865,0,0,0.1994479357875515
8,2.325513583653801,4.54918889507587,0,0,0.19685271352576966
11,0.7996539435930194,2.672526297935953,1,2,0.24160390075730884
12,7.767236304716927,2.1980534882319,1,3,0.5314292193425687
5,1.2203505212439503,1.3151826691637791,0,0,0.04441114876663858
6,5.942907505617747,8.571295598562823,0,3,0.2760796006382767
6,9.364491738836605,5.753554032515559,1,4,0.4865387109943502
4,8.761051925980425,0.7638494499145598,0,1,0.429829817042629
11,2.7775262374926113,3.8258032357063545,1,1,0.24710911655266746
9,8.514486375512654,3.677336508051099,0,1,0.5475953755521794
11,0.003325061204894064,1.8173919070946298,1,3,0.18298774819311586
12,0.17687809613257222,4.355076254721907,0,3,0.18175167625518646
8,6.0255316384286495,3.3209936539313647,0,2,0.39460337618047225
6,3.647982191445295,3.4180370549218253,1,1,0.16901146284297616
8,3.8646084115914716,7.390265577879587,0,2,0.20684660823637377
8,5.644410906788825,2.2326338550519633,0,1,0.3749465770794104
8,1.9178245559186058,6.418599588553554,1,2,0.16643784219935154
6,2.1175535066547835,5.706496238809349,0,2,0.1672116971770889
13,4.846015870188647,5.680925123378673,0,4,0.48254724016260625
7,7.542535443438631,6.630073461417759,0,2,0.48292070074205007
12,6.194977514075877,5.483820361956539,1,3,0.415540709198666
13,2.973550482368389,8.792551148463847,1,2,0.26954261237143995
12,4.303371775089212,6.755800919502598,1,1,0.27248004622392996
5,1.706647585499984,5.469632513713881,0,2,0.09104628686279966
11,0.7462981433708171,8.297631202876449,0,0,0.11185636073508318
11,7.826960407441492,6.061465649334798,0,1,0.4539327886958391
10,2.6538740918819457,2.9114424778517902,0,0,0.29474283067057155
11,1.777663878512482,2.0709491817657124,1,1,0.3632103924633372
6,6.9161805556931935,1.523277856626788,0,3,0.40656731113596245
9,6.18051674287186,8.994552125461016,0,3,0.3443282654093289
4,6.3318962601346405,7.101354317980658,0,3,0.28931367069439906
10,2.288946048466136,9.373784381643208,1,0,0.13502673293519896
4,2.3264553856268098,6.0329180571494305,0,4,0.18145627087985594
12,2.2080262978563914,4.734008814949125,0,1,0.3586585665302817
4,1.737525956622945,0.5971648897088933,0,3,0.0849382471068097
4,6.557236725616563,6.716422815460298,0,1,0.1479109189972601
10,8.480158852494014,5.822087597682311,0,0,0.4413668458197327
5,7.243174696766612,9.902088935876215,1,4,0.33320352035256384
8,7.920936337605432,2.3915877778224304,0,0,0.3741098066851724
11,4.047984290851998,5.307373552868358,0,1,0.1876414370706524
11,6.540757953719981,6.509573351180727,0,4,0.5082599739063345
6,3.5423624044477453,6.445911747423436,0,4,0.26576010972312264
10,5.2550462196864,5.612935429484027,0,0,0.28578311129093836
6,4.816348465348623,7.769280103272255,0,3,0.21540918560024322
9,1.768871451438544,2.049812095268164,0,1,0.2043776335039284
9,3.870787603356308,7.256272002744159,0,2,0.28437133282392985
6,9.63822275482351,6.197345714330892,0,2,0.42982438924025523
10,2.4858025771494208,8.960751117945733,0,0,0.20400974655128112
6,1.3380373627948872,8.471944390335818,1,1,0.0
11,4.185806216239353,3.1514703913255326,1,1,0.28303188523758693
13,7.903377358601481,2.7623732497515308,1,0,0.44696822612366227
7,5.821482297799722,9.816533238524478,1,1,0.19279425941549716
4,6.809748272382445,5.272651809152565,0,3,0.3121120515477881
7,1.8969484817467719,9.064209639144368,1,0,0.07980698367749371
10,6.189481930077215,1.638810237804822,1,3,0.3543159993387277
7,3.2350039491147378,6.428189148001743,0,1,0.20525189456110096
9,8.343033659547675,8.098601873605862,1,0,0.3830162822955473
12,6.292988060107362,9.473952495864468,1,1,0.42958546393728236
4,1.988562777752959,3.373401410170235,0,0,0.0905674771171768
8,0.6461667984408614,7.249811699240524,0,1,0.12475099809522386
10,0.42633209287032736,5.38813009039619,0,3,0.12032390701646628
4,3.7140856765014076,0.6062892606646819,1,3,0.11558556364872058
7,2.658511366543135,6.899997373089434,1,1,0.1650792128544689
9,6.46090123462508,6.900965582378435,0,0,0.3475006938240661
5,4.993338349786183,9.30606804846537,0,2,0.2662110048972451
13,2.660192780053807,4.973124461689724,1,3,0.2517121283997476
8,1.4923777795017612,2.302509207105147,0,3,0.2825811514785023
13,1.271997626874496,0.4456382344867915,1,2,0.40620765215629917
4,8.646603921404177,4.156421866859057,0,1,0.41021739498543025
9,2.4347796840486726,3.019167000775018,0,0,0.258789900487017
9,6.5171064791096835,7.610883060238756,1,1,0.30980596015916645
7,8.106859279862663,3.542677648410466,0,4,0.4225901336120539
11,6.140813111847361,9.490711963148438,0,3,0.466764777526471
7,8.595652316469458,9.623102029877842,0,4,0.39893668022035744
11,3.923937215284745,6.209085902177081,1,3,0.33475964861217017
11,9.562221906489484,9.28660287014883,0,3,0.4607524035930699
8,1.3314500417809694,7.6085434451449565,0,4,0.13158543819724683
7,1.021495296575381,5.468596409751262,0,4,0.26058523567785813
5,6.586921462074436,1.8030793542277812,0,1,0.34620841086452575
6,9.428311414132617,4.5859794351384,0,4,0.5895779674117845
6,8.08883461636328,5.608744633626176,0,1,0.3840821107686413
7,0.7641685943805143,8.639615807350102,1,1,0.0
7,2.7936771393471638,4.813333765356649,1,1,0.20415045908012286
13,9.303188848378237,8.976746726779567,0,3,0.5465531657170842
8,2.5305843280078455,6.743489790234689,1,3,0.21643403837121705
7,7.8117042378691925,1.3699906305367138,1,4,0.4731788534337212
13,8.251321959287038,9.94981369325093,0,3,0.4422211901470027
11,4.954521034609818,5.272326607539126,1,4,0.3930249662541201
9,3.863489098483155,3.9185829640907888,1,3,0.4084291194427472
9,4.501244324197597,6.591137644695265,1,0,0.24868917408034075
11,2.2696469436536413,1.0889331398103907,1,0,0.25729027871300236
10,8.893909161288443,6.365386467533543,1,4,0.5583284538220938
13,4.506196567297579,4.98236000499273,1,3,0.4046173144485964
13,8.824594404560997,4.066740699985831,1,3,0.5910308057672207
11,1.056934799062741,9.530200211788992,1,1,0.05045741589200533
5,9.882752710001313,5.225397167320533,0,2,0.47576440932258157
12,4.432730874436182,2.1911747946993843,0,4,0.5333566410206609
